{
    "act_mean": [
        2.5294965554721096,
        2.5294965554721096,
        2.4533637250063713,
        2.6066802629840824,
        2.6066802629840824,
        2.6066802629840824
    ],
    "act_std": [
        0.5196376414668067,
        0.5196376414668067,
        0.5439267751849813,
        0.4821262486127677,
        0.4821262486127677,
        0.4821262486127677
    ],
    "obs_mean": [
        -0.00046498501196172844,
        0.0026290594215907614,
        -0.046092599124963586,
        -0.049704211195008195,
        0.007342300693598382,
        -0.00730269180133028,
        0.0001119931950021928,
        0.0001956993917682376,
        0.009546355078893782,
        0.000986701584245924,
        0.0015336455658049087,
        0.0017118905366945555,
        0.8427808997467533,
        0.24247393097840667,
        1.7300947345001907,
        -0.30093736556300543,
        0.1582552149443205,
        0.088052602947821
    ],
    "obs_std": [
        0.01039653696273168,
        0.013168737642399692,
        0.03833360739690237,
        0.14495898228228984,
        0.09474301447907446,
        0.0889515906863564,
        0.006534615978878989,
        0.0077276668226421265,
        0.020900019614586634,
        0.045827937743644465,
        0.030900779467991413,
        0.03074183266000769,
        9.94268161766462,
        8.237340379755564,
        9.96381460246218,
        0.5052205975552301,
        0.5630416665725637,
        0.39062280901670915
    ]
}